{
    "layers": [
        {
            "id": "layer_0",
            "name": "Linear",
            "parameters": {
                "n_in": 128,
                "n_out": 80
            }
        },
        {
            "id": "layer_1",
            "name": "Activation",
            "parameters": {
                "activation_fn_str": "relu"
            }
        },
        {
            "id": "layer_2",
            "name": "Linear",
            "parameters": {
                "n_in": 80,
                "n_out": 40
            }
        },
        {
            "id": "layer_3",
            "name": "Activation",
            "parameters": {
                "activation_fn_str": "relu"
            }
        },
        {
            "id": "layer_4",
            "name": "Linear",
            "parameters": {
                "n_in": 40,
                "n_out": 10
            }
        },
        {
            "id": "layer_5",
            "name": "Activation",
            "parameters": {
                "activation_fn_str": "tanh"
            }
        }
    ],
    "preprocessing_type": "standardization"
}